{
    "metrics": {
        "http_req_tls_handshaking": {
            "med": 0,
            "max": 0,
            "p(90)": 0,
            "p(95)": 0,
            "avg": 0,
            "min": 0
        },
        "http_req_failed": {
            "passes": 0,
            "fails": 100,
            "value": 0
        },
        "iteration_duration": {
            "p(95)": 213.8779,
            "avg": 203.37918899999968,
            "min": 201.642,
            "med": 202.24945,
            "max": 213.8779,
            "p(90)": 203.6146800000001
        },
        "http_req_waiting": {
            "p(90)": 1.62349,
            "p(95)": 1.6855,
            "avg": 1.233928999999999,
            "min": 0.5068,
            "med": 1.4017,
            "max": 1.6855
        },
        "http_req_duration{expected_response:true}": {
            "avg": 1.5624200000000021,
            "min": 1.2365,
            "med": 1.61,
            "max": 1.7742,
            "p(90)": 1.6855,
            "p(95)": 1.6899349999999997
        },
        "vus_max": {
            "value": 10,
            "min": 10,
            "max": 10
        },
        "vus": {
            "value": 10,
            "min": 10,
            "max": 10
        },
        "http_req_duration": {
            "p(90)": 1.6855,
            "p(95)": 1.6899349999999997,
            "avg": 1.5624200000000021,
            "min": 1.2365,
            "med": 1.61,
            "max": 1.7742
        },
        "data_sent": {
            "count": 10100,
            "rate": 4965.90244214232
        },
        "http_reqs": {
            "count": 100,
            "rate": 49.1673509123002
        },
        "http_req_receiving": {
            "max": 1.1608,
            "p(90)": 1.0543,
            "p(95)": 1.0543,
            "avg": 0.3152190000000001,
            "min": 0,
            "med": 0
        },
        "http_req_blocked": {
            "avg": 1.1258160000000001,
            "min": 0,
            "med": 0,
            "max": 11.2232,
            "p(90)": 1.2335600000000946,
            "p(95)": 11.2232
        },
        "data_received": {
            "count": 272200,
            "rate": 133833.52918328115
        },
        "http_req_sending": {
            "p(90)": 0,
            "p(95)": 0.1212,
            "avg": 0.013271999999999997,
            "min": 0,
            "med": 0,
            "max": 0.5216
        },
        "http_req_connecting": {
            "p(90)": 0.059970000000005116,
            "p(95)": 0.5997,
            "avg": 0.05997000000000001,
            "min": 0,
            "med": 0,
            "max": 0.5997
        },
        "iterations": {
            "count": 100,
            "rate": 49.1673509123002
        }
    },
    "root_group": {
        "name": "",
        "path": "",
        "id": "d41d8cd98f00b204e9800998ecf8427e",
        "groups": {},
        "checks": {}
    }
}